eventID,gameID,visiting_team,home_team,inning,batting_team,outs,balls,strikes,pitch_sequence,visitor_score,home_score,batterID,batter_hand,pitcherID,pitcher_hand,catcherID,1bID,2bID,3bID,ssID,lfID,cfID,rfID,runner1b,runner2b,runner3b
0,BAL201208060,SEA,BAL,1,SEA,1,2,2,FBFBFS,0,0,ackld001,L,tillc001,R,wietm001,reynm001,quino001,andir001,hardj003,fordl001,jonea003,markn001,,,
1,BAL201208060,SEA,BAL,1,SEA,2,1,0,BX,0,0,saunm001,L,tillc001,R,wietm001,reynm001,quino001,andir001,hardj003,fordl001,jonea003,markn001,,,
2,BAL201208060,SEA,BAL,1,SEA,3,0,2,CCFX,0,0,montj003,R,tillc001,R,wietm001,reynm001,quino001,andir001,hardj003,fordl001,jonea003,markn001,,,
3,BAL201208060,SEA,BAL,1,BAL,0,0,1,CX,0,0,markn001,L,vargj001,L,jasoj001,carpm001,ackld001,seagk001,kawam001,wellc001,saunm001,thame001,markn001,,
4,BAL201208060,SEA,BAL,1,BAL,1,3,2,LBMBBS,0,0,andir001,R,vargj001,L,jasoj001,carpm001,ackld001,seagk001,kawam001,wellc001,saunm001,thame001,markn001,,
5,BAL201208060,SEA,BAL,1,BAL,2,1,0,BX,0,0,hardj003,R,vargj001,L,jasoj001,carpm001,ackld001,seagk001,kawam001,wellc001,saunm001,thame001,markn001,,
6,BAL201208060,SEA,BAL,1,BAL,2,1,2,S1SF>FBX,0,0,jonea003,R,vargj001,L,jasoj001,carpm001,ackld001,seagk001,kawam001,wellc001,saunm001,thame001,,jonea003,markn001
7,BAL201208060,SEA,BAL,1,BAL,3,1,0,BX,0,0,wietm001,B,vargj001,L,jasoj001,carpm001,ackld001,seagk001,kawam001,wellc001,saunm001,thame001,,jonea003,markn001
8,BAL201208060,SEA,BAL,2,SEA,1,0,0,X,0,0,jasoj001,L,tillc001,R,wietm001,reynm001,quino001,andir001,hardj003,fordl001,jonea003,markn001,,,
9,BAL201208060,SEA,BAL,2,SEA,2,2,2,BBCFC,0,0,seagk001,L,tillc001,R,wietm001,reynm001,quino001,andir001,hardj003,fordl001,jonea003,markn001,,,
10,BAL201208060,SEA,BAL,2,SEA,3,1,1,BSX,0,0,carpm001,L,tillc001,R,wietm001,reynm001,quino001,andir001,hardj003,fordl001,jonea003,markn001,,,
11,BAL201208060,SEA,BAL,2,BAL,1,3,2,CBBFBS,0,0,davic003,L,vargj001,L,jasoj001,carpm001,ackld001,seagk001,kawam001,wellc001,saunm001,thame001,,,
12,BAL201208060,SEA,BAL,2,BAL,1,1,2,CSBFX,0,0,fordl001,R,vargj001,L,jasoj001,carpm001,ackld001,seagk001,kawam001,wellc001,saunm001,thame001,fordl001,,
13,BAL201208060,SEA,BAL,2,BAL,1,1,1,BFX,0,1,reynm001,R,vargj001,L,jasoj001,carpm001,ackld001,seagk001,kawam001,wellc001,saunm001,thame001,,reynm001,
14,BAL201208060,SEA,BAL,2,BAL,2,0,1,CX,0,1,quino001,L,vargj001,L,jasoj001,carpm001,ackld001,seagk001,kawam001,wellc001,saunm001,thame001,,reynm001,
15,BAL201208060,SEA,BAL,2,BAL,2,1,2,BCFX,0,3,markn001,L,vargj001,L,jasoj001,carpm001,ackld001,seagk001,kawam001,wellc001,saunm001,thame001,,,
16,BAL201208060,SEA,BAL,2,BAL,3,2,2,BBCSX,0,3,andir001,R,vargj001,L,jasoj001,carpm001,ackld001,seagk001,kawam001,wellc001,saunm001,thame001,,,
17,BAL201208060,SEA,BAL,3,SEA,1,2,2,SBBFX,0,3,wellc001,R,tillc001,R,wietm001,reynm001,quino001,andir001,hardj003,fordl001,jonea003,markn001,,,
18,BAL201208060,SEA,BAL,3,SEA,2,1,0,BX,0,3,thame001,L,tillc001,R,wietm001,reynm001,quino001,andir001,hardj003,fordl001,jonea003,markn001,,,
19,BAL201208060,SEA,BAL,3,SEA,3,0,0,X,0,3,kawam001,L,tillc001,R,wietm001,reynm001,quino001,andir001,hardj003,fordl001,jonea003,markn001,,,
20,BAL201208060,SEA,BAL,3,BAL,1,1,2,CBSX,0,3,hardj003,R,vargj001,L,jasoj001,carpm001,ackld001,seagk001,kawam001,wellc001,saunm001,thame001,,,
21,BAL201208060,SEA,BAL,3,BAL,2,1,1,BSX,0,3,jonea003,R,vargj001,L,jasoj001,carpm001,ackld001,seagk001,kawam001,wellc001,saunm001,thame001,,,
22,BAL201208060,SEA,BAL,3,BAL,3,1,2,CBFFFFX,0,3,wietm001,B,vargj001,L,jasoj001,carpm001,ackld001,seagk001,kawam001,wellc001,saunm001,thame001,,,
23,BAL201208060,SEA,BAL,4,SEA,1,1,1,CBX,0,3,ackld001,L,tillc001,R,wietm001,reynm001,quino001,andir001,hardj003,fordl001,jonea003,markn001,,,
24,BAL201208060,SEA,BAL,4,SEA,1,3,2,BBCBCB,0,3,saunm001,L,tillc001,R,wietm001,reynm001,quino001,andir001,hardj003,fordl001,jonea003,markn001,saunm001,,
25,BAL201208060,SEA,BAL,4,SEA,2,2,2,*B1BFF1>FC,0,3,montj003,R,tillc001,R,wietm001,reynm001,quino001,andir001,hardj003,fordl001,jonea003,markn001,saunm001,,
26,BAL201208060,SEA,BAL,4,SEA,3,0,1,FX,0,3,jasoj001,L,tillc001,R,wietm001,reynm001,quino001,andir001,hardj003,fordl001,jonea003,markn001,saunm001,,
27,BAL201208060,SEA,BAL,4,BAL,1,1,1,CBX,0,3,davic003,L,vargj001,L,jasoj001,carpm001,ackld001,seagk001,kawam001,wellc001,saunm001,thame001,,,
28,BAL201208060,SEA,BAL,4,BAL,2,1,1,CBX,0,3,fordl001,R,vargj001,L,jasoj001,carpm001,ackld001,seagk001,kawam001,wellc001,saunm001,thame001,,,
29,BAL201208060,SEA,BAL,4,BAL,2,0,0,X,0,3,reynm001,R,vargj001,L,jasoj001,carpm001,ackld001,seagk001,kawam001,wellc001,saunm001,thame001,reynm001,,
30,BAL201208060,SEA,BAL,4,BAL,3,2,2,CCBBFX,0,3,quino001,L,vargj001,L,jasoj001,carpm001,ackld001,seagk001,kawam001,wellc001,saunm001,thame001,reynm001,,
31,BAL201208060,SEA,BAL,5,SEA,1,0,0,X,0,3,seagk001,L,tillc001,R,wietm001,reynm001,quino001,andir001,hardj003,fordl001,jonea003,markn001,,,
32,BAL201208060,SEA,BAL,5,SEA,1,0,1,CX,0,3,carpm001,L,tillc001,R,wietm001,reynm001,quino001,andir001,hardj003,fordl001,jonea003,markn001,carpm001,,
33,BAL201208060,SEA,BAL,5,SEA,2,2,2,FFFBBX,0,3,wellc001,R,tillc001,R,wietm001,reynm001,quino001,andir001,hardj003,fordl001,jonea003,markn001,carpm001,,
34,BAL201208060,SEA,BAL,5,SEA,3,2,2,BCCFB1FX,0,3,thame001,L,tillc001,R,wietm001,reynm001,quino001,andir001,hardj003,fordl001,jonea003,markn001,carpm001,,
35,BAL201208060,SEA,BAL,5,BAL,1,0,1,CX,0,3,markn001,L,vargj001,L,jasoj001,carpm001,ackld001,seagk001,kawam001,wellc001,saunm001,thame001,,,
36,BAL201208060,SEA,BAL,5,BAL,2,0,1,CX,0,3,andir001,R,vargj001,L,jasoj001,carpm001,ackld001,seagk001,kawam001,wellc001,saunm001,thame001,,,
37,BAL201208060,SEA,BAL,5,BAL,3,0,1,CX,0,3,hardj003,R,vargj001,L,jasoj001,carpm001,ackld001,seagk001,kawam001,wellc001,saunm001,thame001,,,
38,BAL201208060,SEA,BAL,6,SEA,0,1,1,FBX,0,3,kawam001,L,tillc001,R,wietm001,reynm001,quino001,andir001,hardj003,fordl001,jonea003,markn001,,kawam001,
39,BAL201208060,SEA,BAL,6,SEA,1,1,2,CTBX,0,3,ackld001,L,tillc001,R,wietm001,reynm001,quino001,andir001,hardj003,fordl001,jonea003,markn001,,,kawam001
40,BAL201208060,SEA,BAL,6,SEA,2,1,0,BX,0,3,saunm001,L,tillc001,R,wietm001,reynm001,quino001,andir001,hardj003,fordl001,jonea003,markn001,,,kawam001
41,BAL201208060,SEA,BAL,6,SEA,3,1,1,FBX,0,3,montj003,R,tillc001,R,wietm001,reynm001,quino001,andir001,hardj003,fordl001,jonea003,markn001,,,kawam001
42,BAL201208060,SEA,BAL,6,BAL,1,1,0,BX,0,3,jonea003,R,vargj001,L,jasoj001,carpm001,ackld001,seagk001,kawam001,wellc001,saunm001,thame001,,,
43,BAL201208060,SEA,BAL,6,BAL,2,0,1,CX,0,3,wietm001,B,vargj001,L,jasoj001,carpm001,ackld001,seagk001,kawam001,wellc001,saunm001,thame001,,,
44,BAL201208060,SEA,BAL,6,BAL,3,1,0,BX,0,3,davic003,L,vargj001,L,jasoj001,carpm001,ackld001,seagk001,kawam001,wellc001,saunm001,thame001,,,
45,BAL201208060,SEA,BAL,7,SEA,0,0,0,X,0,3,jasoj001,L,tillc001,R,wietm001,reynm001,quino001,andir001,hardj003,fordl001,jonea003,markn001,jasoj001,,
46,BAL201208060,SEA,BAL,7,SEA,1,0,2,FFS,0,3,seagk001,L,tillc001,R,wietm001,reynm001,quino001,andir001,hardj003,fordl001,jonea003,markn001,jasoj001,,
47,BAL201208060,SEA,BAL,7,SEA,2,2,2,CBB1FC,0,3,carpm001,L,tillc001,R,wietm001,reynm001,quino001,andir001,hardj003,fordl001,jonea003,markn001,jasoj001,,
48,BAL201208060,SEA,BAL,7,SEA,3,0,2,CFFX,0,3,wellc001,R,tillc001,R,wietm001,reynm001,quino001,andir001,hardj003,fordl001,jonea003,markn001,jasoj001,,
49,BAL201208060,SEA,BAL,7,BAL,1,2,1,BBSX,0,3,fordl001,R,vargj001,L,jasoj001,carpm001,ackld001,seagk001,kawam001,wellc001,saunm001,thame001,,,
50,BAL201208060,SEA,BAL,7,BAL,1,3,2,BFBSFBX,0,3,reynm001,R,vargj001,L,jasoj001,carpm001,ackld001,seagk001,kawam001,wellc001,saunm001,thame001,,reynm001,
51,BAL201208060,SEA,BAL,7,BAL,2,1,0,BX,0,3,quino001,L,vargj001,L,jasoj001,carpm001,ackld001,seagk001,kawam001,wellc001,saunm001,thame001,,reynm001,
52,BAL201208060,SEA,BAL,7,BAL,3,0,0,X,0,3,markn001,L,vargj001,L,jasoj001,carpm001,ackld001,seagk001,kawam001,wellc001,saunm001,thame001,,reynm001,
53,BAL201208060,SEA,BAL,8,SEA,0,2,2,.SFBFBX,0,3,thame001,L,tillc001,R,wietm001,reynm001,quino001,andir001,hardj003,mclon001,jonea003,markn001,,thame001,
54,BAL201208060,SEA,BAL,8,SEA,1,3,2,*BF*BBSX,1,3,kawam001,L,tillc001,R,wietm001,reynm001,quino001,andir001,hardj003,mclon001,jonea003,markn001,,,
55,BAL201208060,SEA,BAL,8,SEA,1,3,0,.BBBB,1,3,ackld001,L,strop001,R,wietm001,reynm001,quino001,andir001,hardj003,mclon001,jonea003,markn001,ackld001,,
56,BAL201208060,SEA,BAL,8,SEA,2,3,2,BCSBBFC,1,3,saunm001,L,strop001,R,wietm001,reynm001,quino001,andir001,hardj003,mclon001,jonea003,markn001,ackld001,,
57,BAL201208060,SEA,BAL,8,SEA,3,1,0,BX,1,3,montj003,R,strop001,R,wietm001,reynm001,quino001,andir001,hardj003,mclon001,jonea003,markn001,ackld001,,
58,BAL201208060,SEA,BAL,8,BAL,1,1,1,CBX,1,3,andir001,R,vargj001,L,jasoj001,carpm001,ackld001,seagk001,kawam001,wellc001,saunm001,thame001,,,
59,BAL201208060,SEA,BAL,8,BAL,1,0,1,CX,1,3,hardj003,R,vargj001,L,jasoj001,carpm001,ackld001,seagk001,kawam001,wellc001,saunm001,thame001,,hardj003,
60,BAL201208060,SEA,BAL,8,BAL,2,1,0,BX,1,3,jonea003,R,vargj001,L,jasoj001,carpm001,ackld001,seagk001,kawam001,wellc001,saunm001,thame001,,hardj003,
61,BAL201208060,SEA,BAL,8,BAL,3,1,0,BX,1,3,wietm001,B,vargj001,L,jasoj001,carpm001,ackld001,seagk001,kawam001,wellc001,saunm001,thame001,,hardj003,
62,BAL201208060,SEA,BAL,9,SEA,1,0,2,.CFC,1,3,jasoj001,L,johnj010,R,wietm001,reynm001,quino001,andir001,hardj003,mclon001,jonea003,markn001,,,
63,BAL201208060,SEA,BAL,9,SEA,1,1,1,CBX,1,3,seagk001,L,johnj010,R,wietm001,reynm001,quino001,andir001,hardj003,mclon001,jonea003,markn001,seagk001,,
64,BAL201208060,SEA,BAL,9,SEA,2,1,0,BX,1,3,carpm001,L,johnj010,R,wietm001,reynm001,quino001,andir001,hardj003,mclon001,jonea003,markn001,,seagk001,
65,BAL201208060,SEA,BAL,9,SEA,2,0,0,X,1,3,wellc001,R,johnj010,R,wietm001,reynm001,quino001,andir001,hardj003,mclon001,jonea003,markn001,wellc001,,seagk001
66,BAL201208060,SEA,BAL,9,SEA,3,2,1,BBCX,1,3,thame001,L,johnj010,R,wietm001,reynm001,quino001,andir001,hardj003,mclon001,jonea003,markn001,wellc001,,seagk001
67,BAL201208300,CHA,BAL,1,CHA,1,1,2,CBSS,0,0,wised001,L,britz001,L,teagt001,reynm001,andir001,machm001,hardj003,mclon001,jonea003,markn001,,,
68,BAL201208300,CHA,BAL,1,CHA,1,1,0,BX,0,0,lopej003,R,britz001,L,teagt001,reynm001,andir001,machm001,hardj003,mclon001,jonea003,markn001,,lopej003,
69,BAL201208300,CHA,BAL,1,CHA,2,2,2,BBSSS,0,0,dunna001,L,britz001,L,teagt001,reynm001,andir001,machm001,hardj003,mclon001,jonea003,markn001,,lopej003,
70,BAL201208300,CHA,BAL,1,CHA,3,2,2,CBFBX,0,0,konep001,R,britz001,L,teagt001,reynm001,andir001,machm001,hardj003,mclon001,jonea003,markn001,,lopej003,
71,BAL201208300,CHA,BAL,1,BAL,1,2,2,CBFBX,0,0,markn001,L,quinj001,L,piera001,konep001,beckg001,lopej003,ramia003,vicid001,wised001,riosa002,,,
72,BAL201208300,CHA,BAL,1,BAL,2,1,1,CBX,0,0,hardj003,R,quinj001,L,piera001,konep001,beckg001,lopej003,ramia003,vicid001,wised001,riosa002,,,
73,BAL201208300,CHA,BAL,1,BAL,3,2,2,BSCBFX,0,0,jonea003,R,quinj001,L,piera001,konep001,beckg001,lopej003,ramia003,vicid001,wised001,riosa002,,,
74,BAL201208300,CHA,BAL,2,CHA,0,1,2,FBSX,0,0,riosa002,R,britz001,L,teagt001,reynm001,andir001,machm001,hardj003,mclon001,jonea003,markn001,riosa002,,
75,BAL201208300,CHA,BAL,2,CHA,1,0,1,CX,0,0,piera001,L,britz001,L,teagt001,reynm001,andir001,machm001,hardj003,mclon001,jonea003,markn001,riosa002,,
76,BAL201208300,CHA,BAL,2,CHA,1,1,0,BX,0,0,vicid001,R,britz001,L,teagt001,reynm001,andir001,machm001,hardj003,mclon001,jonea003,markn001,vicid001,riosa002,
77,BAL201208300,CHA,BAL,2,CHA,2,0,2,CFFFX,0,0,ramia003,R,britz001,L,teagt001,reynm001,andir001,machm001,hardj003,mclon001,jonea003,markn001,ramia003,vicid001,
78,BAL201208300,CHA,BAL,2,CHA,2,2,0,BBX,1,0,beckg001,R,britz001,L,teagt001,reynm001,andir001,machm001,hardj003,mclon001,jonea003,markn001,beckg001,,ramia003
79,BAL201208300,CHA,BAL,2,CHA,3,1,2,S1CB1S,1,0,wised001,L,britz001,L,teagt001,reynm001,andir001,machm001,hardj003,mclon001,jonea003,markn001,beckg001,,ramia003
80,BAL201208300,CHA,BAL,2,BAL,1,3,2,FFBBFBX,1,0,reynm001,R,quinj001,L,piera001,konep001,beckg001,lopej003,ramia003,vicid001,wised001,riosa002,,,
81,BAL201208300,CHA,BAL,2,BAL,2,0,1,CX,1,0,fordl001,R,quinj001,L,piera001,konep001,beckg001,lopej003,ramia003,vicid001,wised001,riosa002,,,
82,BAL201208300,CHA,BAL,2,BAL,3,1,1,CBX,1,0,mclon001,L,quinj001,L,piera001,konep001,beckg001,lopej003,ramia003,vicid001,wised001,riosa002,,,
83,BAL201208300,CHA,BAL,3,CHA,1,2,2,CCBFBFFS,1,0,lopej003,R,britz001,L,teagt001,reynm001,andir001,machm001,hardj003,mclon001,jonea003,markn001,,,
84,BAL201208300,CHA,BAL,3,CHA,2,2,2,CFBBS,1,0,dunna001,L,britz001,L,teagt001,reynm001,andir001,machm001,hardj003,mclon001,jonea003,markn001,,,
85,BAL201208300,CHA,BAL,3,CHA,3,0,1,CX,1,0,konep001,R,britz001,L,teagt001,reynm001,andir001,machm001,hardj003,mclon001,jonea003,markn001,,,
86,BAL201208300,CHA,BAL,3,BAL,1,1,2,CBFS,1,0,machm001,R,quinj001,L,piera001,konep001,beckg001,lopej003,ramia003,vicid001,wised001,riosa002,,,
87,BAL201208300,CHA,BAL,3,BAL,2,1,1,CBX,1,0,andir001,R,quinj001,L,piera001,konep001,beckg001,lopej003,ramia003,vicid001,wised001,riosa002,,,
88,BAL201208300,CHA,BAL,3,BAL,2,2,0,BBX,1,1,teagt001,R,quinj001,L,piera001,konep001,beckg001,lopej003,ramia003,vicid001,wised001,riosa002,,,
89,BAL201208300,CHA,BAL,3,BAL,2,3,2,CBFBBX,1,1,markn001,L,quinj001,L,piera001,konep001,beckg001,lopej003,ramia003,vicid001,wised001,riosa002,,markn001,
90,BAL201208300,CHA,BAL,3,BAL,2,0,1,CX,1,2,hardj003,R,quinj001,L,piera001,konep001,beckg001,lopej003,ramia003,vicid001,wised001,riosa002,,hardj003,
91,BAL201208300,CHA,BAL,3,BAL,2,2,1,BSBX,1,4,jonea003,R,quinj001,L,piera001,konep001,beckg001,lopej003,ramia003,vicid001,wised001,riosa002,,,
92,BAL201208300,CHA,BAL,3,BAL,2,1,1,SBX,1,4,reynm001,R,quinj001,L,piera001,konep001,beckg001,lopej003,ramia003,vicid001,wised001,riosa002,,reynm001,
93,BAL201208300,CHA,BAL,3,BAL,3,1,2,CFBX,1,4,fordl001,R,quinj001,L,piera001,konep001,beckg001,lopej003,ramia003,vicid001,wised001,riosa002,,reynm001,
94,BAL201208300,CHA,BAL,4,CHA,1,1,0,BX,1,4,riosa002,R,britz001,L,teagt001,reynm001,andir001,machm001,hardj003,mclon001,jonea003,markn001,,,
95,BAL201208300,CHA,BAL,4,CHA,2,2,2,CFBBFS,1,4,piera001,L,britz001,L,teagt001,reynm001,andir001,machm001,hardj003,mclon001,jonea003,markn001,,,
96,BAL201208300,CHA,BAL,4,CHA,3,0,2,CSS,1,4,vicid001,R,britz001,L,teagt001,reynm001,andir001,machm001,hardj003,mclon001,jonea003,markn001,,,
97,BAL201208300,CHA,BAL,4,BAL,0,1,1,CBX,1,4,mclon001,L,quinj001,L,piera001,konep001,beckg001,lopej003,ramia003,vicid001,wised001,riosa002,mclon001,,
98,BAL201208300,CHA,BAL,4,BAL,1,2,2,BBCCX,1,4,machm001,R,quinj001,L,piera001,konep001,beckg001,lopej003,ramia003,vicid001,wised001,riosa002,,mclon001,
99,BAL201208300,CHA,BAL,4,BAL,2,0,0,X,1,4,andir001,R,quinj001,L,piera001,konep001,beckg001,lopej003,ramia003,vicid001,wised001,riosa002,,mclon001,
100,BAL201208300,CHA,BAL,4,BAL,2,3,2,C*B*BF*BX,1,5,teagt001,R,quinj001,L,piera001,konep001,beckg001,lopej003,ramia003,vicid001,wised001,riosa002,,teagt001,
101,BAL201208300,CHA,BAL,4,BAL,2,3,2,CB*BFB*B,1,5,markn001,L,quinj001,L,piera001,konep001,beckg001,lopej003,ramia003,vicid001,wised001,riosa002,markn001,teagt001,
102,BAL201208300,CHA,BAL,4,BAL,3,2,2,.C*BBFFX,1,5,hardj003,R,jonen001,R,piera001,konep001,beckg001,lopej003,ramia003,vicid001,wised001,riosa002,markn001,teagt001,
103,BAL201208300,CHA,BAL,5,CHA,0,0,1,CX,1,5,ramia003,R,britz001,L,teagt001,reynm001,andir001,machm001,hardj003,mclon001,jonea003,markn001,,ramia003,
104,BAL201208300,CHA,BAL,5,CHA,1,0,0,X,1,5,beckg001,R,britz001,L,teagt001,reynm001,andir001,machm001,hardj003,mclon001,jonea003,markn001,,,ramia003
105,BAL201208300,CHA,BAL,5,CHA,2,1,2,*BSCC,1,5,wised001,L,britz001,L,teagt001,reynm001,andir001,machm001,hardj003,mclon001,jonea003,markn001,,,ramia003
106,BAL201208300,CHA,BAL,5,CHA,3,2,2,FBC*BFS,1,5,lopej003,R,britz001,L,teagt001,reynm001,andir001,machm001,hardj003,mclon001,jonea003,markn001,,,ramia003
107,BAL201208300,CHA,BAL,5,BAL,1,2,0,BBX,1,5,jonea003,R,jonen001,R,piera001,konep001,beckg001,lopej003,ramia003,vicid001,wised001,riosa002,,,
108,BAL201208300,CHA,BAL,5,BAL,1,3,0,BBBB,1,5,reynm001,R,jonen001,R,piera001,konep001,beckg001,lopej003,ramia003,vicid001,wised001,riosa002,reynm001,,
109,BAL201208300,CHA,BAL,5,BAL,2,3,2,*BBBCFX,1,5,fordl001,R,jonen001,R,piera001,konep001,beckg001,lopej003,ramia003,vicid001,wised001,riosa002,reynm001,,
110,BAL201208300,CHA,BAL,6,CHA,1,2,1,BBFX,1,5,dunna001,L,britz001,L,teagt001,reynm001,andir001,machm001,hardj003,mclon001,jonea003,markn001,,,
111,BAL201208300,CHA,BAL,6,CHA,2,0,1,CX,1,5,konep001,R,britz001,L,teagt001,reynm001,andir001,machm001,hardj003,mclon001,jonea003,markn001,,,
112,BAL201208300,CHA,BAL,6,CHA,3,0,1,CX,1,5,riosa002,R,britz001,L,teagt001,reynm001,andir001,machm001,hardj003,mclon001,jonea003,markn001,,,
113,BAL201208300,CHA,BAL,6,BAL,1,1,2,CFBFS,1,5,mclon001,L,jonen001,R,piera001,konep001,beckg001,lopej003,ramia003,vicid001,wised001,riosa002,,,
114,BAL201208300,CHA,BAL,6,BAL,2,1,2,CBCX,1,5,machm001,R,jonen001,R,piera001,konep001,beckg001,lopej003,ramia003,vicid001,wised001,riosa002,,,
115,BAL201208300,CHA,BAL,6,BAL,2,0,2,CFX,1,5,andir001,R,jonen001,R,piera001,konep001,beckg001,lopej003,ramia003,vicid001,wised001,riosa002,andir001,,
116,BAL201208300,CHA,BAL,6,BAL,3,2,2,CB1SBC,1,5,teagt001,R,jonen001,R,piera001,konep001,beckg001,lopej003,ramia003,vicid001,wised001,riosa002,andir001,,
117,BAL201208300,CHA,BAL,7,CHA,1,0,2,SFS,1,5,piera001,L,britz001,L,teagt001,reynm001,andir001,machm001,hardj003,mclon001,jonea003,markn001,,,
118,BAL201208300,CHA,BAL,7,CHA,2,1,2,SBFFX,1,5,vicid001,R,britz001,L,teagt001,reynm001,andir001,machm001,hardj003,mclon001,jonea003,markn001,,,
119,BAL201208300,CHA,BAL,7,CHA,3,0,0,X,1,5,ramia003,R,britz001,L,teagt001,reynm001,andir001,machm001,hardj003,mclon001,jonea003,markn001,,,
120,BAL201208300,CHA,BAL,7,BAL,1,1,0,..BX,1,5,markn001,L,santh001,L,gimeh001,konep001,beckg001,lopej003,ramia003,vicid001,wised001,riosa002,,,
121,BAL201208300,CHA,BAL,7,BAL,2,3,2,BCBFFBFFFFFS,1,5,hardj003,R,santh001,L,gimeh001,konep001,beckg001,lopej003,ramia003,vicid001,wised001,riosa002,,,
122,BAL201208300,CHA,BAL,7,BAL,3,1,2,CBSS,1,5,jonea003,R,santh001,L,gimeh001,konep001,beckg001,lopej003,ramia003,vicid001,wised001,riosa002,,,
123,BAL201208300,CHA,BAL,8,CHA,1,0,2,CSX,1,5,beckg001,R,britz001,L,teagt001,reynm001,andir001,machm001,hardj003,mclon001,jonea003,markn001,,,
124,BAL201208300,CHA,BAL,8,CHA,2,0,1,SX,1,5,wised001,L,britz001,L,teagt001,reynm001,andir001,machm001,hardj003,mclon001,jonea003,markn001,,,
125,BAL201208300,CHA,BAL,8,CHA,2,2,1,BBFX,1,5,lopej003,R,britz001,L,teagt001,reynm001,andir001,machm001,hardj003,mclon001,jonea003,markn001,lopej003,,
126,BAL201208300,CHA,BAL,8,CHA,3,1,1,1*BCX,1,5,dunna001,L,britz001,L,teagt001,reynm001,andir001,machm001,hardj003,mclon001,jonea003,markn001,lopej003,,
127,BAL201208300,CHA,BAL,8,BAL,1,3,2,.BBFCBFS,1,5,reynm001,R,veald001,L,gimeh001,konep001,beckg001,lopej003,ramia003,vicid001,wised001,riosa002,,,
128,BAL201208300,CHA,BAL,8,BAL,2,1,2,CCBFS,1,5,fordl001,R,veald001,L,gimeh001,konep001,beckg001,lopej003,ramia003,vicid001,wised001,riosa002,,,
129,BAL201208300,CHA,BAL,8,BAL,3,1,2,CBCS,1,5,mclon001,L,veald001,L,gimeh001,konep001,beckg001,lopej003,ramia003,vicid001,wised001,riosa002,,,
130,BAL201208300,CHA,BAL,9,CHA,1,1,2,.CSBFX,1,5,konep001,R,strop001,R,teagt001,reynm001,andir001,machm001,hardj003,mclon001,jonea003,markn001,,,
131,BAL201208300,CHA,BAL,9,CHA,1,1,1,BCX,1,5,riosa002,R,strop001,R,teagt001,reynm001,andir001,machm001,hardj003,mclon001,jonea003,markn001,riosa002,,
132,BAL201208300,CHA,BAL,9,CHA,1,0,2,CFFFX,1,5,gimeh001,B,strop001,R,teagt001,reynm001,andir001,machm001,hardj003,mclon001,jonea003,markn001,gimeh001,riosa002,
133,BAL201208300,CHA,BAL,9,CHA,2,0,0,.X,1,5,vicid001,R,johnj010,R,teagt001,reynm001,andir001,machm001,hardj003,mclon001,jonea003,markn001,,gimeh001,riosa002
134,BAL201208300,CHA,BAL,9,CHA,2,0,0,X,3,5,ramia003,R,johnj010,R,teagt001,reynm001,andir001,machm001,hardj003,mclon001,jonea003,markn001,ramia003,,
135,BAL201208300,CHA,BAL,9,CHA,2,0,2,CCFF>B,3,5,beckg001,R,johnj010,R,teagt001,reynm001,andir001,machm001,hardj003,mclon001,jonea003,markn001,,ramia003,
136,BAL201208300,CHA,BAL,9,CHA,3,1,2,CCFF>B.S,3,5,beckg001,R,johnj010,R,teagt001,reynm001,andir001,machm001,hardj003,mclon001,jonea003,markn001,,ramia003,
137,BAL201209300,BOS,BAL,1,BOS,1,1,1,CBX,0,0,ellsj001,L,saunj001,L,wietm001,reynm001,flahr001,machm001,hardj003,mclon001,jonea003,davic003,,,
138,BAL201209300,BOS,BAL,1,BOS,2,0,0,X,0,0,pedrd001,R,saunj001,L,wietm001,reynm001,flahr001,machm001,hardj003,mclon001,jonea003,davic003,,,
139,BAL201209300,BOS,BAL,1,BOS,3,2,2,CSBFBX,0,0,rossc001,R,saunj001,L,wietm001,reynm001,flahr001,machm001,hardj003,mclon001,jonea003,davic003,,,
140,BAL201209300,BOS,BAL,1,BAL,0,2,1,BBFX,0,1,mclon001,L,stewz001,R,lavar001,gomem001,pedrd001,valed001,iglej001,navad002,ellsj001,rossc001,,,
141,BAL201209300,BOS,BAL,1,BAL,0,0,1,FX,0,1,hardj003,R,stewz001,R,lavar001,gomem001,pedrd001,valed001,iglej001,navad002,ellsj001,rossc001,hardj003,,
142,BAL201209300,BOS,BAL,1,BAL,0,2,0,B*BX,0,1,davic003,L,stewz001,R,lavar001,gomem001,pedrd001,valed001,iglej001,navad002,ellsj001,rossc001,davic003,,hardj003
143,BAL201209300,BOS,BAL,1,BAL,0,0,1,FH,0,1,jonea003,R,stewz001,R,lavar001,gomem001,pedrd001,valed001,iglej001,navad002,ellsj001,rossc001,jonea003,davic003,hardj003
144,BAL201209300,BOS,BAL,1,BAL,1,0,0,X,0,2,wietm001,B,stewz001,R,lavar001,gomem001,pedrd001,valed001,iglej001,navad002,ellsj001,rossc001,jonea003,,davic003
145,BAL201209300,BOS,BAL,1,BAL,1,0,1,CX,0,3,thomj002,L,stewz001,R,lavar001,gomem001,pedrd001,valed001,iglej001,navad002,ellsj001,rossc001,thomj002,,
146,BAL201209300,BOS,BAL,1,BAL,2,0,0,X,0,3,reynm001,R,stewz001,R,lavar001,gomem001,pedrd001,valed001,iglej001,navad002,ellsj001,rossc001,thomj002,,
147,BAL201209300,BOS,BAL,2,BOS,1,0,2,CFX,0,3,gomem001,R,saunj001,L,wietm001,reynm001,flahr001,machm001,hardj003,mclon001,jonea003,davic003,,,
148,BAL201209300,BOS,BAL,2,BOS,2,0,0,X,0,3,valed001,R,saunj001,L,wietm001,reynm001,flahr001,machm001,hardj003,mclon001,jonea003,davic003,,,
149,BAL201209300,BOS,BAL,2,BOS,2,0,2,CFX,0,3,lavar001,R,saunj001,L,wietm001,reynm001,flahr001,machm001,hardj003,mclon001,jonea003,davic003,,lavar001,
150,BAL201209300,BOS,BAL,2,BOS,3,1,2,CSBS,0,3,navad002,B,saunj001,L,wietm001,reynm001,flahr001,machm001,hardj003,mclon001,jonea003,davic003,,lavar001,
151,BAL201209300,BOS,BAL,2,BAL,1,2,2,CBCFFBFFX,0,3,flahr001,L,stewz001,R,lavar001,gomem001,pedrd001,valed001,iglej001,navad002,ellsj001,rossc001,,,
152,BAL201209300,BOS,BAL,2,BAL,2,1,1,FBX,0,3,machm001,R,stewz001,R,lavar001,gomem001,pedrd001,valed001,iglej001,navad002,ellsj001,rossc001,,,
153,BAL201209300,BOS,BAL,2,BAL,3,2,0,BBX,0,3,mclon001,L,stewz001,R,lavar001,gomem001,pedrd001,valed001,iglej001,navad002,ellsj001,rossc001,,,
154,BAL201209300,BOS,BAL,3,BOS,1,0,2,FCS,0,3,cirip001,R,saunj001,L,wietm001,reynm001,flahr001,machm001,hardj003,mclon001,jonea003,davic003,,,
155,BAL201209300,BOS,BAL,3,BOS,1,1,0,BX,0,3,iglej001,R,saunj001,L,wietm001,reynm001,flahr001,machm001,hardj003,mclon001,jonea003,davic003,,iglej001,
156,BAL201209300,BOS,BAL,3,BOS,2,2,2,CBSBX,0,3,ellsj001,L,saunj001,L,wietm001,reynm001,flahr001,machm001,hardj003,mclon001,jonea003,davic003,,,iglej001
157,BAL201209300,BOS,BAL,3,BOS,3,1,1,BCX,0,3,pedrd001,R,saunj001,L,wietm001,reynm001,flahr001,machm001,hardj003,mclon001,jonea003,davic003,,,iglej001
158,BAL201209300,BOS,BAL,3,BAL,0,3,2,BBBCFX,0,4,hardj003,R,stewz001,R,lavar001,gomem001,pedrd001,valed001,iglej001,navad002,ellsj001,rossc001,,,
159,BAL201209300,BOS,BAL,3,BAL,1,2,2,SFBBX,0,4,davic003,L,stewz001,R,lavar001,gomem001,pedrd001,valed001,iglej001,navad002,ellsj001,rossc001,,,
160,BAL201209300,BOS,BAL,3,BAL,1,0,0,X,0,4,jonea003,R,stewz001,R,lavar001,gomem001,pedrd001,valed001,iglej001,navad002,ellsj001,rossc001,jonea003,,
161,BAL201209300,BOS,BAL,3,BAL,1,0,0,1>B,0,4,wietm001,B,stewz001,R,lavar001,gomem001,pedrd001,valed001,iglej001,navad002,ellsj001,rossc001,,jonea003,
162,BAL201209300,BOS,BAL,3,BAL,2,1,2,1>B.FSC,0,4,wietm001,B,stewz001,R,lavar001,gomem001,pedrd001,valed001,iglej001,navad002,ellsj001,rossc001,,jonea003,
163,BAL201209300,BOS,BAL,3,BAL,2,0,1,FX,0,5,thomj002,L,stewz001,R,lavar001,gomem001,pedrd001,valed001,iglej001,navad002,ellsj001,rossc001,thomj002,,
164,BAL201209300,BOS,BAL,3,BAL,2,3,1,.BF*B*BB,0,5,reynm001,R,mortc003,R,lavar001,gomem001,pedrd001,valed001,iglej001,navad002,ellsj001,rossc001,reynm001,thomj002,
165,BAL201209300,BOS,BAL,3,BAL,3,0,2,CSC,0,5,flahr001,L,mortc003,R,lavar001,gomem001,pedrd001,valed001,iglej001,navad002,ellsj001,rossc001,reynm001,thomj002,
166,BAL201209300,BOS,BAL,4,BOS,0,1,0,BX,1,5,rossc001,R,saunj001,L,wietm001,reynm001,flahr001,machm001,hardj003,mclon001,jonea003,davic003,,,
167,BAL201209300,BOS,BAL,4,BOS,1,0,2,SFX,1,5,gomem001,R,saunj001,L,wietm001,reynm001,flahr001,machm001,hardj003,mclon001,jonea003,davic003,,,
168,BAL201209300,BOS,BAL,4,BOS,1,1,0,BX,1,5,valed001,R,saunj001,L,wietm001,reynm001,flahr001,machm001,hardj003,mclon001,jonea003,davic003,valed001,,
169,BAL201209300,BOS,BAL,4,BOS,2,0,1,CX,1,5,lavar001,R,saunj001,L,wietm001,reynm001,flahr001,machm001,hardj003,mclon001,jonea003,davic003,valed001,,
170,BAL201209300,BOS,BAL,4,BAL,1,0,0,X,1,5,machm001,R,mortc003,R,lavar001,gomem001,pedrd001,valed001,iglej001,navad002,ellsj001,rossc001,,,
171,BAL201209300,BOS,BAL,4,BAL,2,1,2,CBTS,1,5,mclon001,L,mortc003,R,lavar001,gomem001,pedrd001,valed001,iglej001,navad002,ellsj001,rossc001,,,
172,BAL201209300,BOS,BAL,4,BAL,3,3,1,BCBBX,1,5,hardj003,R,mortc003,R,lavar001,gomem001,pedrd001,valed001,iglej001,navad002,ellsj001,rossc001,,,
173,BAL201209300,BOS,BAL,5,BOS,1,0,2,FFFS,1,5,navad002,B,saunj001,L,wietm001,reynm001,flahr001,machm001,hardj003,mclon001,jonea003,davic003,,,
174,BAL201209300,BOS,BAL,5,BOS,1,2,2,FBFF*BX,1,5,cirip001,R,saunj001,L,wietm001,reynm001,flahr001,machm001,hardj003,mclon001,jonea003,davic003,,cirip001,
175,BAL201209300,BOS,BAL,5,BOS,2,1,2,CBFC,1,5,iglej001,R,saunj001,L,wietm001,reynm001,flahr001,machm001,hardj003,mclon001,jonea003,davic003,,cirip001,
176,BAL201209300,BOS,BAL,5,BOS,3,1,2,BCCX,1,5,ellsj001,L,saunj001,L,wietm001,reynm001,flahr001,machm001,hardj003,mclon001,jonea003,davic003,,cirip001,
177,BAL201209300,BOS,BAL,5,BAL,0,2,1,FBBX,1,6,davic003,L,mortc003,R,lavar001,gomem001,pedrd001,valed001,iglej001,navad002,ellsj001,rossc001,,,
178,BAL201209300,BOS,BAL,5,BAL,1,0,1,SX,1,6,jonea003,R,mortc003,R,lavar001,gomem001,pedrd001,valed001,iglej001,navad002,ellsj001,rossc001,,,
179,BAL201209300,BOS,BAL,5,BAL,2,1,2,BCSX,1,6,wietm001,B,mortc003,R,lavar001,gomem001,pedrd001,valed001,iglej001,navad002,ellsj001,rossc001,,,
180,BAL201209300,BOS,BAL,5,BAL,3,2,2,BCBSC,1,6,thomj002,L,mortc003,R,lavar001,gomem001,pedrd001,valed001,iglej001,navad002,ellsj001,rossc001,,,
181,BAL201209300,BOS,BAL,6,BOS,1,1,0,BX,1,6,pedrd001,R,saunj001,L,wietm001,reynm001,flahr001,machm001,hardj003,mclon001,jonea003,davic003,,,
182,BAL201209300,BOS,BAL,6,BOS,2,2,1,BFBX,1,6,rossc001,R,saunj001,L,wietm001,reynm001,flahr001,machm001,hardj003,mclon001,jonea003,davic003,,,
183,BAL201209300,BOS,BAL,6,BOS,3,2,1,BFBX,1,6,gomem001,R,saunj001,L,wietm001,reynm001,flahr001,machm001,hardj003,mclon001,jonea003,davic003,,,
184,BAL201209300,BOS,BAL,6,BAL,1,0,0,X,1,6,reynm001,R,mortc003,R,lavar001,gomem001,pedrd001,valed001,iglej001,navad002,ellsj001,rossc001,,,
185,BAL201209300,BOS,BAL,6,BAL,2,1,2,CBSS,1,6,flahr001,L,mortc003,R,lavar001,gomem001,pedrd001,valed001,iglej001,navad002,ellsj001,rossc001,,,
186,BAL201209300,BOS,BAL,6,BAL,3,1,0,BX,1,6,machm001,R,mortc003,R,lavar001,gomem001,pedrd001,valed001,iglej001,navad002,ellsj001,rossc001,,,
187,BAL201209300,BOS,BAL,7,BOS,1,0,1,.SX,1,6,valed001,R,saunj001,L,wietm001,reynm001,andir001,machm001,hardj003,mclon001,jonea003,davic003,,,
188,BAL201209300,BOS,BAL,7,BOS,1,1,1,FBX,1,6,lavar001,R,saunj001,L,wietm001,reynm001,andir001,machm001,hardj003,mclon001,jonea003,davic003,lavar001,,
189,BAL201209300,BOS,BAL,7,BOS,1,0,0,X,3,6,navad002,B,saunj001,L,wietm001,reynm001,andir001,machm001,hardj003,mclon001,jonea003,davic003,,,
190,BAL201209300,BOS,BAL,7,BOS,1,0,0,X,3,6,cirip001,R,saunj001,L,wietm001,reynm001,andir001,machm001,hardj003,mclon001,jonea003,davic003,cirip001,,
191,BAL201209300,BOS,BAL,7,BOS,2,2,1,1B*BC1>B,3,6,iglej001,R,saunj001,L,wietm001,reynm001,andir001,machm001,hardj003,mclon001,jonea003,davic003,,,
192,BAL201209300,BOS,BAL,7,BOS,3,3,2,1B*BC1>B.CX,3,6,iglej001,R,saunj001,L,wietm001,reynm001,andir001,machm001,hardj003,mclon001,jonea003,davic003,,,
193,BAL201209300,BOS,BAL,7,BAL,0,0,0,.X,3,6,mclon001,L,carpc003,R,lavar001,gomem001,pedrd001,valed001,iglej001,navad002,ellsj001,rossc001,mclon001,,
194,BAL201209300,BOS,BAL,7,BAL,0,0,0,111>B,3,6,hardj003,R,carpc003,R,lavar001,gomem001,pedrd001,valed001,iglej001,navad002,ellsj001,rossc001,,mclon001,
195,BAL201209300,BOS,BAL,7,BAL,1,1,0,111>B.X,3,6,hardj003,R,carpc003,R,lavar001,gomem001,pedrd001,valed001,iglej001,navad002,ellsj001,rossc001,,,mclon001
196,BAL201209300,BOS,BAL,7,BAL,1,3,0,IIII,3,6,davic003,L,carpc003,R,lavar001,gomem001,pedrd001,valed001,iglej001,navad002,ellsj001,rossc001,davic003,,mclon001
197,BAL201209300,BOS,BAL,7,BAL,2,2,0,.*BBX,3,6,jonea003,R,carpc003,R,lavar001,gomem001,pedrd001,valed001,iglej001,navad002,ellsj001,rossc001,chave002,,mclon001
198,BAL201209300,BOS,BAL,8,BOS,1,3,2,.BBCFBT,3,6,ellsj001,L,saunj001,L,wietm001,reynm001,andir001,machm001,hardj003,mclon001,jonea003,chave002,,,
199,BAL201209300,BOS,BAL,8,BOS,1,1,2,.BCSX,3,6,pedrd001,R,odayd001,R,wietm001,reynm001,andir001,machm001,hardj003,mclon001,jonea003,chave002,pedrd001,,
200,BAL201209300,BOS,BAL,8,BOS,2,0,0,>C,3,6,rossc001,R,odayd001,R,wietm001,reynm001,andir001,machm001,hardj003,mclon001,jonea003,chave002,,,
201,BAL201209300,BOS,BAL,8,BOS,3,3,2,>C.BBFBC,3,6,rossc001,R,odayd001,R,wietm001,reynm001,andir001,machm001,hardj003,mclon001,jonea003,chave002,,,
202,BAL201209300,BOS,BAL,8,BAL,0,3,0,.BBBB,3,6,wietm001,B,padiv001,R,lavar001,gomem001,pedrd001,valed001,iglej001,navad002,ellsj001,rossc001,wietm001,,
203,BAL201209300,BOS,BAL,8,BAL,1,2,2,CBBFC,3,6,thomj002,L,padiv001,R,lavar001,gomem001,pedrd001,valed001,iglej001,navad002,ellsj001,rossc001,wietm001,,
204,BAL201209300,BOS,BAL,8,BAL,2,2,1,CBBX,3,6,reynm001,R,padiv001,R,lavar001,gomem001,pedrd001,valed001,iglej001,navad002,ellsj001,rossc001,wietm001,,
205,BAL201209300,BOS,BAL,9,BOS,1,1,0,..BX,3,6,podss001,L,johnj010,R,wietm001,reynm001,andir001,machm001,hardj003,mclon001,jonea003,chave002,,,
206,BAL201209300,BOS,BAL,9,BOS,2,2,1,.BBCX,3,6,lonej001,L,johnj010,R,wietm001,reynm001,andir001,machm001,hardj003,mclon001,jonea003,chave002,,,
207,BAL201209300,BOS,BAL,9,BOS,3,0,0,X,3,6,lavar001,R,johnj010,R,wietm001,reynm001,andir001,machm001,hardj003,mclon001,jonea003,chave002,,,
208,SEA201208150,TBA,SEA,1,TBA,1,2,1,CBBX,0,0,fulds001,L,hernf002,R,jasoj001,smoaj001,ackld001,seagk001,ryanb002,robit001,saunm001,thame001,,,
209,SEA201208150,TBA,SEA,1,TBA,2,0,0,X,0,0,uptob001,R,hernf002,R,jasoj001,smoaj001,ackld001,seagk001,ryanb002,robit001,saunm001,thame001,,,
210,SEA201208150,TBA,SEA,1,TBA,3,1,0,BX,0,0,joycm001,L,hernf002,R,jasoj001,smoaj001,ackld001,seagk001,ryanb002,robit001,saunm001,thame001,,,
211,SEA201208150,TBA,SEA,1,SEA,0,0,0,X,0,0,ackld001,L,hellj001,R,lobaj001,penac001,zobrb001,rodrs002,johne002,fulds001,uptob001,joycm001,ackld001,,
212,SEA201208150,TBA,SEA,1,SEA,2,1,0,1BX,0,0,saunm001,L,hellj001,R,lobaj001,penac001,zobrb001,rodrs002,johne002,fulds001,uptob001,joycm001,,,
213,SEA201208150,TBA,SEA,1,SEA,3,1,2,FSBX,0,0,montj003,R,hellj001,R,lobaj001,penac001,zobrb001,rodrs002,johne002,fulds001,uptob001,joycm001,,,
214,SEA201208150,TBA,SEA,2,TBA,1,1,2,BCFS,0,0,longe001,R,hernf002,R,jasoj001,smoaj001,ackld001,seagk001,ryanb002,robit001,saunm001,thame001,,,
215,SEA201208150,TBA,SEA,2,TBA,2,3,1,BBBCX,0,0,zobrb001,B,hernf002,R,jasoj001,smoaj001,ackld001,seagk001,ryanb002,robit001,saunm001,thame001,,,
216,SEA201208150,TBA,SEA,2,TBA,3,0,0,X,0,0,penac001,L,hernf002,R,jasoj001,smoaj001,ackld001,seagk001,ryanb002,robit001,saunm001,thame001,,,
217,SEA201208150,TBA,SEA,2,SEA,1,2,2,CBCBFFX,0,0,jasoj001,L,hellj001,R,lobaj001,penac001,zobrb001,rodrs002,johne002,fulds001,uptob001,joycm001,,,
218,SEA201208150,TBA,SEA,2,SEA,2,1,2,FSBX,0,0,seagk001,L,hellj001,R,lobaj001,penac001,zobrb001,rodrs002,johne002,fulds001,uptob001,joycm001,,,
219,SEA201208150,TBA,SEA,2,SEA,2,2,1,BSBX,0,0,smoaj001,B,hellj001,R,lobaj001,penac001,zobrb001,rodrs002,johne002,fulds001,uptob001,joycm001,smoaj001,,
220,SEA201208150,TBA,SEA,2,SEA,2,0,0,X,0,0,robit001,B,hellj001,R,lobaj001,penac001,zobrb001,rodrs002,johne002,fulds001,uptob001,joycm001,robit001,smoaj001,
221,SEA201208150,TBA,SEA,2,SEA,3,2,2,*BFFBX,0,0,thame001,L,hellj001,R,lobaj001,penac001,zobrb001,rodrs002,johne002,fulds001,uptob001,joycm001,robit001,smoaj001,
222,SEA201208150,TBA,SEA,3,TBA,1,0,0,X,0,0,lobaj001,B,hernf002,R,jasoj001,smoaj001,ackld001,seagk001,ryanb002,robit001,saunm001,thame001,,,
223,SEA201208150,TBA,SEA,3,TBA,2,1,2,CSBFS,0,0,johne002,B,hernf002,R,jasoj001,smoaj001,ackld001,seagk001,ryanb002,robit001,saunm001,thame001,,,
224,SEA201208150,TBA,SEA,3,TBA,3,0,0,X,0,0,rodrs002,R,hernf002,R,jasoj001,smoaj001,ackld001,seagk001,ryanb002,robit001,saunm001,thame001,,,
225,SEA201208150,TBA,SEA,3,SEA,0,2,2,SBSBX,0,0,ryanb002,R,hellj001,R,lobaj001,penac001,zobrb001,rodrs002,johne002,fulds001,uptob001,joycm001,ryanb002,,
226,SEA201208150,TBA,SEA,3,SEA,1,3,1,BC11BBX,0,0,ackld001,L,hellj001,R,lobaj001,penac001,zobrb001,rodrs002,johne002,fulds001,uptob001,joycm001,ryanb002,,
227,SEA201208150,TBA,SEA,3,SEA,2,1,1,1FBX,0,0,saunm001,L,hellj001,R,lobaj001,penac001,zobrb001,rodrs002,johne002,fulds001,uptob001,joycm001,ryanb002,,
228,SEA201208150,TBA,SEA,3,SEA,2,1,0,B>B,0,0,montj003,R,hellj001,R,lobaj001,penac001,zobrb001,rodrs002,johne002,fulds001,uptob001,joycm001,,,ryanb002
229,SEA201208150,TBA,SEA,3,SEA,2,2,0,B>B.X,0,1,montj003,R,hellj001,R,lobaj001,penac001,zobrb001,rodrs002,johne002,fulds001,uptob001,joycm001,montj003,,
230,SEA201208150,TBA,SEA,3,SEA,3,2,1,*BBCX,0,1,jasoj001,L,hellj001,R,lobaj001,penac001,zobrb001,rodrs002,johne002,fulds001,uptob001,joycm001,montj003,,
231,SEA201208150,TBA,SEA,4,TBA,1,3,2,CTBBBX,0,1,fulds001,L,hernf002,R,jasoj001,smoaj001,ackld001,seagk001,ryanb002,robit001,saunm001,thame001,,,
232,SEA201208150,TBA,SEA,4,TBA,2,2,2,BBFFS,0,1,uptob001,R,hernf002,R,jasoj001,smoaj001,ackld001,seagk001,ryanb002,robit001,saunm001,thame001,,,
233,SEA201208150,TBA,SEA,4,TBA,3,2,2,BFBCS,0,1,joycm001,L,hernf002,R,jasoj001,smoaj001,ackld001,seagk001,ryanb002,robit001,saunm001,thame001,,,
234,SEA201208150,TBA,SEA,4,SEA,1,0,1,CX,0,1,seagk001,L,hellj001,R,lobaj001,penac001,zobrb001,rodrs002,johne002,fulds001,uptob001,joycm001,,,
235,SEA201208150,TBA,SEA,4,SEA,2,1,2,CFBFS,0,1,smoaj001,B,hellj001,R,lobaj001,penac001,zobrb001,rodrs002,johne002,fulds001,uptob001,joycm001,,,
236,SEA201208150,TBA,SEA,4,SEA,3,3,1,CBBBX,0,1,robit001,B,hellj001,R,lobaj001,penac001,zobrb001,rodrs002,johne002,fulds001,uptob001,joycm001,,,
237,SEA201208150,TBA,SEA,5,TBA,1,1,1,BCX,0,1,longe001,R,hernf002,R,jasoj001,smoaj001,ackld001,seagk001,ryanb002,robit001,saunm001,thame001,,,
238,SEA201208150,TBA,SEA,5,TBA,2,2,2,BFBTFFX,0,1,zobrb001,B,hernf002,R,jasoj001,smoaj001,ackld001,seagk001,ryanb002,robit001,saunm001,thame001,,,
239,SEA201208150,TBA,SEA,5,TBA,3,1,2,FBFX,0,1,penac001,L,hernf002,R,jasoj001,smoaj001,ackld001,seagk001,ryanb002,robit001,saunm001,thame001,,,
240,SEA201208150,TBA,SEA,5,SEA,1,3,2,BCFBBX,0,1,thame001,L,hellj001,R,lobaj001,penac001,zobrb001,rodrs002,johne002,fulds001,uptob001,joycm001,,,
241,SEA201208150,TBA,SEA,5,SEA,2,1,2,BCCX,0,1,ryanb002,R,hellj001,R,lobaj001,penac001,zobrb001,rodrs002,johne002,fulds001,uptob001,joycm001,,,
242,SEA201208150,TBA,SEA,5,SEA,3,2,1,CBBX,0,1,ackld001,L,hellj001,R,lobaj001,penac001,zobrb001,rodrs002,johne002,fulds001,uptob001,joycm001,,,
243,SEA201208150,TBA,SEA,6,TBA,1,2,2,CBBCFS,0,1,lobaj001,B,hernf002,R,jasoj001,smoaj001,ackld001,seagk001,ryanb002,robit001,saunm001,thame001,,,
244,SEA201208150,TBA,SEA,6,TBA,2,0,2,SSS,0,1,johne002,B,hernf002,R,jasoj001,smoaj001,ackld001,seagk001,ryanb002,robit001,saunm001,thame001,,,
245,SEA201208150,TBA,SEA,6,TBA,3,2,2,CSBFBS,0,1,rodrs002,R,hernf002,R,jasoj001,smoaj001,ackld001,seagk001,ryanb002,robit001,saunm001,thame001,,,
246,SEA201208150,TBA,SEA,6,SEA,1,0,0,X,0,1,saunm001,L,hellj001,R,lobaj001,penac001,zobrb001,rodrs002,johne002,fulds001,uptob001,joycm001,,,
247,SEA201208150,TBA,SEA,6,SEA,2,1,2,BCCX,0,1,montj003,R,hellj001,R,lobaj001,penac001,zobrb001,rodrs002,johne002,fulds001,uptob001,joycm001,,,
248,SEA201208150,TBA,SEA,6,SEA,2,1,2,STFBFFX,0,1,jasoj001,L,hellj001,R,lobaj001,penac001,zobrb001,rodrs002,johne002,fulds001,uptob001,joycm001,,jasoj001,
249,SEA201208150,TBA,SEA,6,SEA,3,1,2,SSBX,0,1,seagk001,L,hellj001,R,lobaj001,penac001,zobrb001,rodrs002,johne002,fulds001,uptob001,joycm001,,jasoj001,
250,SEA201208150,TBA,SEA,7,TBA,1,2,2,CSBBX,0,1,fulds001,L,hernf002,R,jasoj001,smoaj001,ackld001,seagk001,ryanb002,robit001,saunm001,thame001,,,
251,SEA201208150,TBA,SEA,7,TBA,2,1,1,SBX,0,1,uptob001,R,hernf002,R,jasoj001,smoaj001,ackld001,seagk001,ryanb002,robit001,saunm001,thame001,,,
252,SEA201208150,TBA,SEA,7,TBA,3,3,2,C.BSBFFBX,0,1,joycm001,L,hernf002,R,jasoj001,smoaj001,ackld001,seagk001,ryanb002,robit001,saunm001,thame001,,,
253,SEA201208150,TBA,SEA,7,SEA,1,3,2,BSFBFBX,0,1,smoaj001,B,hellj001,R,lobaj001,penac001,zobrb001,rodrs002,johne002,fulds001,uptob001,joycm001,,,
254,SEA201208150,TBA,SEA,7,SEA,2,1,0,BX,0,1,robit001,B,hellj001,R,lobaj001,penac001,zobrb001,rodrs002,johne002,fulds001,uptob001,joycm001,,,
255,SEA201208150,TBA,SEA,7,SEA,2,3,2,BCBFFBB,0,1,thame001,L,hellj001,R,lobaj001,penac001,zobrb001,rodrs002,johne002,fulds001,uptob001,joycm001,thame001,,
256,SEA201208150,TBA,SEA,7,SEA,3,2,2,B1BC1FFF1FFX,0,1,ryanb002,R,hellj001,R,lobaj001,penac001,zobrb001,rodrs002,johne002,fulds001,uptob001,joycm001,thame001,,
257,SEA201208150,TBA,SEA,8,TBA,1,1,2,CSBS,0,1,longe001,R,hernf002,R,jasoj001,smoaj001,ackld001,seagk001,ryanb002,robit001,saunm001,thame001,,,
258,SEA201208150,TBA,SEA,8,TBA,2,1,2,CBFS,0,1,zobrb001,B,hernf002,R,jasoj001,smoaj001,ackld001,seagk001,ryanb002,robit001,saunm001,thame001,,,
259,SEA201208150,TBA,SEA,8,TBA,3,1,2,BSSFS,0,1,penac001,L,hernf002,R,jasoj001,smoaj001,ackld001,seagk001,ryanb002,robit001,saunm001,thame001,,,
260,SEA201208150,TBA,SEA,8,SEA,1,2,1,.BFBX,0,1,ackld001,L,farnk001,R,lobaj001,penac001,zobrb001,rodrs002,johne002,fulds001,uptob001,joycm001,,,
261,SEA201208150,TBA,SEA,8,SEA,2,2,2,BCFFBX,0,1,saunm001,L,farnk001,R,lobaj001,penac001,zobrb001,rodrs002,johne002,fulds001,uptob001,joycm001,,,
262,SEA201208150,TBA,SEA,8,SEA,3,2,2,SBCBT,0,1,montj003,R,farnk001,R,lobaj001,penac001,zobrb001,rodrs002,johne002,fulds001,uptob001,joycm001,,,
263,SEA201208150,TBA,SEA,9,TBA,1,1,2,.BSCFFS,0,1,jennd002,R,hernf002,R,jasoj001,smoaj001,ackld001,seagk001,ryanb002,robit001,saunm001,thame001,,,
264,SEA201208150,TBA,SEA,9,TBA,2,1,2,.BCSX,0,1,keppj001,R,hernf002,R,jasoj001,smoaj001,ackld001,seagk001,ryanb002,robit001,saunm001,thame001,,,
265,SEA201208150,TBA,SEA,9,TBA,3,2,2,BBSCC,0,1,rodrs002,R,hernf002,R,jasoj001,smoaj001,ackld001,seagk001,ryanb002,robit001,saunm001,thame001,,,
266,BAL201304210,LAN,BAL,1,LAN,1,0,2,CSS,0,0,crawc002,L,arrij001,R,wietm001,davic003,flahr001,machm001,hardj003,mclon001,jonea003,markn001,,,
267,BAL201304210,LAN,BAL,1,LAN,2,2,2,CBCBFFS,0,0,ellim001,R,arrij001,R,wietm001,davic003,flahr001,machm001,hardj003,mclon001,jonea003,markn001,,,
268,BAL201304210,LAN,BAL,1,LAN,3,1,2,CBFX,0,0,gonza003,L,arrij001,R,wietm001,davic003,flahr001,machm001,hardj003,mclon001,jonea003,markn001,,,
269,BAL201304210,LAN,BAL,1,BAL,0,1,2,CCBX,0,0,mclon001,L,fifes001,R,ellia001,gonza003,ellim001,hairj002,sellj002,crawc002,kempm001,ethia001,mclon001,,
270,BAL201304210,LAN,BAL,1,BAL,0,0,0,B,0,0,machm001,R,fifes001,R,ellia001,gonza003,ellim001,hairj002,sellj002,crawc002,kempm001,ethia001,,mclon001,
271,BAL201304210,LAN,BAL,1,BAL,1,3,2,B.BFCBS,0,0,machm001,R,fifes001,R,ellia001,gonza003,ellim001,hairj002,sellj002,crawc002,kempm001,ethia001,,mclon001,
272,BAL201304210,LAN,BAL,1,BAL,1,3,2,BBFBCX,0,1,markn001,L,fifes001,R,ellia001,gonza003,ellim001,hairj002,sellj002,crawc002,kempm001,ethia001,markn001,,
273,BAL201304210,LAN,BAL,1,BAL,1,0,1,FH,0,1,jonea003,R,fifes001,R,ellia001,gonza003,ellim001,hairj002,sellj002,crawc002,kempm001,ethia001,jonea003,markn001,
274,BAL201304210,LAN,BAL,1,BAL,1,2,2,BBFFX,0,1,davic003,L,fifes001,R,ellia001,gonza003,ellim001,hairj002,sellj002,crawc002,kempm001,ethia001,davic003,jonea003,markn001
275,BAL201304210,LAN,BAL,1,BAL,2,3,2,C*BFBBT,0,1,wietm001,B,fifes001,R,ellia001,gonza003,ellim001,hairj002,sellj002,crawc002,kempm001,ethia001,davic003,jonea003,markn001
276,BAL201304210,LAN,BAL,1,BAL,2,1,1,BCX,0,3,hardj003,R,fifes001,R,ellia001,gonza003,ellim001,hairj002,sellj002,crawc002,kempm001,ethia001,,hardj003,
277,BAL201304210,LAN,BAL,1,BAL,3,1,1,BCX,0,3,flahr001,L,fifes001,R,ellia001,gonza003,ellim001,hairj002,sellj002,crawc002,kempm001,ethia001,,hardj003,
278,BAL201304210,LAN,BAL,2,LAN,1,2,2,BCBFX,0,3,kempm001,R,arrij001,R,wietm001,davic003,flahr001,machm001,hardj003,mclon001,jonea003,markn001,,,
279,BAL201304210,LAN,BAL,2,LAN,2,1,0,BX,0,3,ethia001,L,arrij001,R,wietm001,davic003,flahr001,machm001,hardj003,mclon001,jonea003,markn001,,,
280,BAL201304210,LAN,BAL,2,LAN,3,0,1,CX,0,3,hairj002,R,arrij001,R,wietm001,davic003,flahr001,machm001,hardj003,mclon001,jonea003,markn001,,,
281,BAL201304210,LAN,BAL,2,BAL,1,3,2,CCBBBX,0,3,reimn001,R,fifes001,R,ellia001,gonza003,ellim001,hairj002,sellj002,crawc002,kempm001,ethia001,,,
282,BAL201304210,LAN,BAL,2,BAL,2,1,1,BCX,0,3,mclon001,L,fifes001,R,ellia001,gonza003,ellim001,hairj002,sellj002,crawc002,kempm001,ethia001,,,
283,BAL201304210,LAN,BAL,2,BAL,3,3,2,BCCFBBS,0,3,machm001,R,fifes001,R,ellia001,gonza003,ellim001,hairj002,sellj002,crawc002,kempm001,ethia001,,,
284,BAL201304210,LAN,BAL,3,LAN,0,3,2,CBBBFB,0,3,ellia001,R,arrij001,R,wietm001,davic003,flahr001,machm001,hardj003,mclon001,jonea003,markn001,ellia001,,
285,BAL201304210,LAN,BAL,3,LAN,0,2,0,BBX,0,3,schus001,L,arrij001,R,wietm001,davic003,flahr001,machm001,hardj003,mclon001,jonea003,markn001,schus001,,ellia001
286,BAL201304210,LAN,BAL,3,LAN,1,1,2,C*B1SS,0,3,sellj002,R,arrij001,R,wietm001,davic003,flahr001,machm001,hardj003,mclon001,jonea003,markn001,schus001,,ellia001
287,BAL201304210,LAN,BAL,3,LAN,1,3,2,BBF1S*BFB,0,3,crawc002,L,arrij001,R,wietm001,davic003,flahr001,machm001,hardj003,mclon001,jonea003,markn001,crawc002,schus001,ellia001
288,BAL201304210,LAN,BAL,3,LAN,2,2,2,BBCCX,1,3,ellim001,R,arrij001,R,wietm001,davic003,flahr001,machm001,hardj003,mclon001,jonea003,markn001,crawc002,schus001,
289,BAL201304210,LAN,BAL,3,LAN,2,3,2,BFFBB>F>F>B,1,3,gonza003,L,arrij001,R,wietm001,davic003,flahr001,machm001,hardj003,mclon001,jonea003,markn001,gonza003,crawc002,schus001
290,BAL201304210,LAN,BAL,3,LAN,3,1,2,C*BFS,1,3,kempm001,R,arrij001,R,wietm001,davic003,flahr001,machm001,hardj003,mclon001,jonea003,markn001,gonza003,crawc002,schus001
291,BAL201304210,LAN,BAL,3,BAL,1,0,1,CX,1,3,markn001,L,fifes001,R,ellia001,gonza003,ellim001,hairj002,sellj002,crawc002,kempm001,ethia001,,,
292,BAL201304210,LAN,BAL,3,BAL,1,0,0,X,1,4,jonea003,R,fifes001,R,ellia001,gonza003,ellim001,hairj002,sellj002,crawc002,kempm001,ethia001,,,
293,BAL201304210,LAN,BAL,3,BAL,1,0,1,SX,1,4,davic003,L,fifes001,R,ellia001,gonza003,ellim001,hairj002,sellj002,crawc002,kempm001,ethia001,davic003,,
294,BAL201304210,LAN,BAL,3,BAL,2,1,0,BX,1,4,wietm001,B,fifes001,R,ellia001,gonza003,ellim001,hairj002,sellj002,crawc002,kempm001,ethia001,davic003,,
295,BAL201304210,LAN,BAL,4,LAN,1,1,2,CFBS,1,4,ethia001,L,arrij001,R,wietm001,davic003,flahr001,machm001,hardj003,mclon001,jonea003,markn001,,,
296,BAL201304210,LAN,BAL,4,LAN,2,2,2,BCFBX,1,4,hairj002,R,arrij001,R,wietm001,davic003,flahr001,machm001,hardj003,mclon001,jonea003,markn001,,,
297,BAL201304210,LAN,BAL,4,LAN,3,3,2,CCBBBS,1,4,ellia001,R,arrij001,R,wietm001,davic003,flahr001,machm001,hardj003,mclon001,jonea003,markn001,,,
298,BAL201304210,LAN,BAL,4,BAL,1,1,2,CFBX,1,4,hardj003,R,fifes001,R,ellia001,gonza003,ellim001,hairj002,sellj002,crawc002,kempm001,ethia001,,,
299,BAL201304210,LAN,BAL,4,BAL,2,2,2,BBCFS,1,4,flahr001,L,fifes001,R,ellia001,gonza003,ellim001,hairj002,sellj002,crawc002,kempm001,ethia001,,,
300,BAL201304210,LAN,BAL,4,BAL,3,1,2,BCCS,1,4,reimn001,R,fifes001,R,ellia001,gonza003,ellim001,hairj002,sellj002,crawc002,kempm001,ethia001,,,
301,BAL201304210,LAN,BAL,5,LAN,0,3,0,BBBB,1,4,schus001,L,arrij001,R,wietm001,davic003,flahr001,machm001,hardj003,mclon001,jonea003,markn001,schus001,,
302,BAL201304210,LAN,BAL,5,LAN,0,2,1,CBB1H,1,4,sellj002,R,arrij001,R,wietm001,davic003,flahr001,machm001,hardj003,mclon001,jonea003,markn001,sellj002,schus001,
303,BAL201304210,LAN,BAL,5,LAN,0,3,0,BBBB,1,4,crawc002,L,arrij001,R,wietm001,davic003,flahr001,machm001,hardj003,mclon001,jonea003,markn001,crawc002,sellj002,schus001
304,BAL201304210,LAN,BAL,5,LAN,0,0,2,FCFX,3,4,ellim001,R,arrij001,R,wietm001,davic003,flahr001,machm001,hardj003,mclon001,jonea003,markn001,ellim001,,crawc002
305,BAL201304210,LAN,BAL,5,LAN,0,0,2,.CCX,4,4,gonza003,L,mcfat001,L,wietm001,davic003,flahr001,machm001,hardj003,mclon001,jonea003,markn001,,gonza003,ellim001
306,BAL201304210,LAN,BAL,5,LAN,0,2,0,BBX,5,4,kempm001,R,mcfat001,L,wietm001,davic003,flahr001,machm001,hardj003,mclon001,jonea003,markn001,kempm001,,gonza003
307,BAL201304210,LAN,BAL,5,LAN,1,3,2,FSBBBS,5,4,ethia001,L,mcfat001,L,wietm001,davic003,flahr001,machm001,hardj003,mclon001,jonea003,markn001,,kempm001,gonza003
308,BAL201304210,LAN,BAL,5,LAN,2,0,1,CX,5,4,hairj002,R,mcfat001,L,wietm001,davic003,flahr001,machm001,hardj003,mclon001,jonea003,markn001,,kempm001,gonza003
309,BAL201304210,LAN,BAL,5,LAN,2,3,2,CBB*BCB,5,4,ellia001,R,mcfat001,L,wietm001,davic003,flahr001,machm001,hardj003,mclon001,jonea003,markn001,ellia001,kempm001,gonza003
310,BAL201304210,LAN,BAL,5,LAN,3,1,2,.CBCFX,5,4,hernr002,R,mcfat001,L,wietm001,davic003,flahr001,machm001,hardj003,mclon001,jonea003,markn001,ellia001,kempm001,gonza003
311,BAL201304210,LAN,BAL,5,BAL,0,3,1,.BBCBB,5,4,mclon001,L,fifes001,R,ellia001,gonza003,ellim001,hairj002,sellj002,crawc002,kempm001,ethia001,mclon001,,
312,BAL201304210,LAN,BAL,5,BAL,1,0,1,CX,5,4,machm001,R,fifes001,R,ellia001,gonza003,ellim001,hairj002,sellj002,crawc002,kempm001,ethia001,mclon001,,
313,BAL201304210,LAN,BAL,5,BAL,1,0,1,CX,5,4,markn001,L,fifes001,R,ellia001,gonza003,ellim001,hairj002,sellj002,crawc002,kempm001,ethia001,markn001,,
314,BAL201304210,LAN,BAL,5,BAL,1,1,1,.B1FX,5,4,jonea003,R,howej003,L,ellia001,gonza003,ellim001,hairj002,sellj002,crawc002,kempm001,ethia001,jonea003,markn001,
315,BAL201304210,LAN,BAL,5,BAL,2,0,2,FSS,5,4,davic003,L,howej003,L,ellia001,gonza003,ellim001,hairj002,sellj002,crawc002,kempm001,ethia001,jonea003,markn001,
316,BAL201304210,LAN,BAL,6,LAN,1,0,0,X,5,4,sellj002,R,mcfat001,L,wietm001,davic003,flahr001,machm001,hardj003,mclon001,jonea003,markn001,,,
317,BAL201304210,LAN,BAL,6,LAN,1,3,1,BSBBB,5,4,crawc002,L,mcfat001,L,wietm001,davic003,flahr001,machm001,hardj003,mclon001,jonea003,markn001,crawc002,,
318,BAL201304210,LAN,BAL,6,LAN,2,2,2,BC+1111BF1S,5,4,ellim001,R,mcfat001,L,wietm001,davic003,flahr001,machm001,hardj003,mclon001,jonea003,markn001,crawc002,,
319,BAL201304210,LAN,BAL,6,LAN,3,1,1,CBX,5,4,gonza003,L,mcfat001,L,wietm001,davic003,flahr001,machm001,hardj003,mclon001,jonea003,markn001,crawc002,,
320,BAL201304210,LAN,BAL,6,BAL,1,2,2,.BBCFX,5,4,wietm001,B,guerm001,R,ellia001,gonza003,ellim001,hairj002,sellj002,crawc002,kempm001,ethia001,,,
321,BAL201304210,LAN,BAL,6,BAL,2,1,2,CBTFX,5,4,hardj003,R,guerm001,R,ellia001,gonza003,ellim001,hairj002,sellj002,crawc002,kempm001,ethia001,,,
322,BAL201304210,LAN,BAL,6,BAL,2,3,2,BBSBCFFFB,5,4,flahr001,L,guerm001,R,ellia001,gonza003,ellim001,hairj002,sellj002,crawc002,kempm001,ethia001,flahr001,,
323,BAL201304210,LAN,BAL,6,BAL,3,1,0,1B1X,5,4,reimn001,R,guerm001,R,ellia001,gonza003,ellim001,hairj002,sellj002,crawc002,kempm001,ethia001,flahr001,,
324,BAL201304210,LAN,BAL,7,LAN,0,0,0,X,5,4,kempm001,R,mcfat001,L,wietm001,davic003,flahr001,machm001,hardj003,mclon001,jonea003,markn001,kempm001,,
325,BAL201304210,LAN,BAL,7,LAN,1,0,2,1FCFS,5,4,ethia001,L,mcfat001,L,wietm001,davic003,flahr001,machm001,hardj003,mclon001,jonea003,markn001,kempm001,,
326,BAL201304210,LAN,BAL,7,LAN,2,1,2,*BFF1X,5,4,hairj002,R,mcfat001,L,wietm001,davic003,flahr001,machm001,hardj003,mclon001,jonea003,markn001,kempm001,,
327,BAL201304210,LAN,BAL,7,LAN,2,1,1,1BS>B,5,4,ellia001,R,mcfat001,L,wietm001,davic003,flahr001,machm001,hardj003,mclon001,jonea003,markn001,,kempm001,
328,BAL201304210,LAN,BAL,7,LAN,2,2,2,1BS>B.CX,6,4,ellia001,R,mcfat001,L,wietm001,davic003,flahr001,machm001,hardj003,mclon001,jonea003,markn001,,ellia001,
329,BAL201304210,LAN,BAL,7,LAN,3,0,2,.CFC,6,4,hernr002,R,strop001,R,wietm001,davic003,flahr001,machm001,hardj003,mclon001,jonea003,markn001,,ellia001,
330,BAL201304210,LAN,BAL,7,BAL,1,2,2,.CCBBFX,6,4,mclon001,L,rodrp001,L,ellia001,gonza003,ellim001,hairj002,sellj002,crawc002,kempm001,ethia001,,,
331,BAL201304210,LAN,BAL,7,BAL,2,2,2,BCBCX,6,4,machm001,R,rodrp001,L,ellia001,gonza003,ellim001,hairj002,sellj002,crawc002,kempm001,ethia001,,,
332,BAL201304210,LAN,BAL,7,BAL,3,1,1,BSX,6,4,markn001,L,rodrp001,L,ellia001,gonza003,ellim001,hairj002,sellj002,crawc002,kempm001,ethia001,,,
333,BAL201304210,LAN,BAL,8,LAN,1,2,2,BBFFS,6,4,sellj002,R,strop001,R,wietm001,davic003,flahr001,machm001,hardj003,mclon001,jonea003,markn001,,,
334,BAL201304210,LAN,BAL,8,LAN,2,2,2,BFBSFX,6,4,crawc002,L,strop001,R,wietm001,davic003,flahr001,machm001,hardj003,mclon001,jonea003,markn001,,,
335,BAL201304210,LAN,BAL,8,LAN,3,1,2,FFBX,6,4,ellim001,R,strop001,R,wietm001,davic003,flahr001,machm001,hardj003,mclon001,jonea003,markn001,,,
336,BAL201304210,LAN,BAL,8,BAL,1,1,1,.CBX,6,4,jonea003,R,jansk001,R,ellia001,gonza003,ellim001,hairj002,sellj002,crawc002,kempm001,ethia001,,,
337,BAL201304210,LAN,BAL,8,BAL,1,1,2,BSSX,6,4,davic003,L,jansk001,R,ellia001,gonza003,ellim001,hairj002,sellj002,crawc002,kempm001,ethia001,,davic003,
338,BAL201304210,LAN,BAL,8,BAL,2,0,1,CX,6,4,wietm001,B,jansk001,R,ellia001,gonza003,ellim001,hairj002,sellj002,crawc002,kempm001,ethia001,,,davic003
339,BAL201304210,LAN,BAL,8,BAL,3,1,1,CBX,6,4,hardj003,R,jansk001,R,ellia001,gonza003,ellim001,hairj002,sellj002,crawc002,kempm001,ethia001,,,davic003
340,BAL201304210,LAN,BAL,9,LAN,0,0,0,.X,6,4,gonza003,L,pattt001,L,wietm001,davic003,flahr001,machm001,hardj003,mclon001,jonea003,markn001,gonza003,,
341,BAL201304210,LAN,BAL,9,LAN,0,1,2,CBFX,6,4,kempm001,R,pattt001,L,wietm001,davic003,flahr001,machm001,hardj003,mclon001,jonea003,markn001,kempm001,gonza003,
342,BAL201304210,LAN,BAL,9,LAN,1,1,2,BCSX,6,4,ethia001,L,pattt001,L,wietm001,davic003,flahr001,machm001,hardj003,mclon001,jonea003,markn001,,kempm001,gonza003
343,BAL201304210,LAN,BAL,9,LAN,2,1,0,BX,7,4,hairj002,R,pattt001,L,wietm001,davic003,flahr001,machm001,hardj003,mclon001,jonea003,markn001,,kempm001,
344,BAL201304210,LAN,BAL,9,LAN,3,0,1,CX,7,4,ellia001,R,pattt001,L,wietm001,davic003,flahr001,machm001,hardj003,mclon001,jonea003,markn001,,kempm001,
345,BAL201304210,LAN,BAL,9,BAL,1,0,0,.X,7,4,flahr001,L,leagb001,R,ellia001,gonza003,ellim001,hairj002,sellj002,crawc002,kempm001,ethia001,,,
346,BAL201304210,LAN,BAL,9,BAL,1,2,1,BSBX,7,4,reimn001,R,leagb001,R,ellia001,gonza003,ellim001,hairj002,sellj002,crawc002,kempm001,ethia001,reimn001,,
347,BAL201304210,LAN,BAL,9,BAL,2,1,2,CF*BX,7,4,mclon001,L,leagb001,R,ellia001,gonza003,ellim001,hairj002,sellj002,crawc002,kempm001,ethia001,reimn001,,
348,BAL201304210,LAN,BAL,9,BAL,3,2,0,BBX,7,4,machm001,R,leagb001,R,ellia001,gonza003,ellim001,hairj002,sellj002,crawc002,kempm001,ethia001,reimn001,,
349,BAL201305170,TBA,BAL,1,TBA,1,1,1,CBX,0,0,jennd002,R,hammj002,R,wietm001,davic003,navay001,machm001,hardj003,dickc001,jonea003,markn001,,,
350,BAL201305170,TBA,BAL,1,TBA,1,2,2,BBFCX,0,0,joycm001,L,hammj002,R,wietm001,davic003,navay001,machm001,hardj003,dickc001,jonea003,markn001,joycm001,,
351,BAL201305170,TBA,BAL,1,TBA,1,1,1,CBX,0,0,zobrb001,B,hammj002,R,wietm001,davic003,navay001,machm001,hardj003,dickc001,jonea003,markn001,,zobrb001,joycm001
352,BAL201305170,TBA,BAL,1,TBA,2,2,2,BSFBX,1,0,longe001,R,hammj002,R,wietm001,davic003,navay001,machm001,hardj003,dickc001,jonea003,markn001,,,zobrb001
353,BAL201305170,TBA,BAL,1,TBA,3,1,2,BFFFX,1,0,lonej001,L,hammj002,R,wietm001,davic003,navay001,machm001,hardj003,dickc001,jonea003,markn001,,,zobrb001
354,BAL201305170,TBA,BAL,1,BAL,0,1,1,CBX,1,0,mclon001,L,hellj001,R,lobaj001,lonej001,zobrb001,longe001,escoy001,johnk003,jennd002,joycm001,mclon001,,
355,BAL201305170,TBA,BAL,1,BAL,0,1,1,CBX,1,0,machm001,R,hellj001,R,lobaj001,lonej001,zobrb001,longe001,escoy001,johnk003,jennd002,joycm001,,machm001,mclon001
356,BAL201305170,TBA,BAL,1,BAL,1,0,0,X,1,0,markn001,L,hellj001,R,lobaj001,lonej001,zobrb001,longe001,escoy001,johnk003,jennd002,joycm001,,machm001,mclon001
357,BAL201305170,TBA,BAL,1,BAL,2,1,2,SFBS,1,0,jonea003,R,hellj001,R,lobaj001,lonej001,zobrb001,longe001,escoy001,johnk003,jennd002,joycm001,,machm001,mclon001
358,BAL201305170,TBA,BAL,1,BAL,2,2,1,CB*BX,1,2,davic003,L,hellj001,R,lobaj001,lonej001,zobrb001,longe001,escoy001,johnk003,jennd002,joycm001,davic003,,
359,BAL201305170,TBA,BAL,1,BAL,3,1,1,CBX,1,2,wietm001,B,hellj001,R,lobaj001,lonej001,zobrb001,longe001,escoy001,johnk003,jennd002,joycm001,davic003,,
360,BAL201305170,TBA,BAL,2,TBA,0,2,1,CBBX,1,2,scotl001,L,hammj002,R,wietm001,davic003,navay001,machm001,hardj003,dickc001,jonea003,markn001,scotl001,,
361,BAL201305170,TBA,BAL,2,TBA,1,2,1,BFBX,1,2,johnk003,L,hammj002,R,wietm001,davic003,navay001,machm001,hardj003,dickc001,jonea003,markn001,scotl001,,
362,BAL201305170,TBA,BAL,2,TBA,2,2,2,FBSBS,1,2,lobaj001,B,hammj002,R,wietm001,davic003,navay001,machm001,hardj003,dickc001,jonea003,markn001,scotl001,,
363,BAL201305170,TBA,BAL,2,TBA,2,1,1,BCX,1,2,escoy001,R,hammj002,R,wietm001,davic003,navay001,machm001,hardj003,dickc001,jonea003,markn001,escoy001,scotl001,
364,BAL201305170,TBA,BAL,2,TBA,3,3,2,BBCBF>F>S,1,2,jennd002,R,hammj002,R,wietm001,davic003,navay001,machm001,hardj003,dickc001,jonea003,markn001,escoy001,scotl001,
365,BAL201305170,TBA,BAL,2,BAL,0,2,0,BBX,1,3,hardj003,R,hellj001,R,lobaj001,lonej001,zobrb001,longe001,escoy001,johnk003,jennd002,joycm001,,,
366,BAL201305170,TBA,BAL,2,BAL,1,0,0,X,1,3,dickc001,L,hellj001,R,lobaj001,lonej001,zobrb001,longe001,escoy001,johnk003,jennd002,joycm001,,,
367,BAL201305170,TBA,BAL,2,BAL,2,1,2,CBFFFX,1,3,navay001,R,hellj001,R,lobaj001,lonej001,zobrb001,longe001,escoy001,johnk003,jennd002,joycm001,,,
368,BAL201305170,TBA,BAL,2,BAL,3,1,0,BX,1,3,mclon001,L,hellj001,R,lobaj001,lonej001,zobrb001,longe001,escoy001,johnk003,jennd002,joycm001,,,
369,BAL201305170,TBA,BAL,3,TBA,1,1,1,CBX,1,3,joycm001,L,hammj002,R,wietm001,davic003,navay001,machm001,hardj003,dickc001,jonea003,markn001,,,
370,BAL201305170,TBA,BAL,3,TBA,1,0,0,X,1,3,zobrb001,B,hammj002,R,wietm001,davic003,navay001,machm001,hardj003,dickc001,jonea003,markn001,zobrb001,,
371,BAL201305170,TBA,BAL,3,TBA,1,2,2,F1BCB1X,1,3,longe001,R,hammj002,R,wietm001,davic003,navay001,machm001,hardj003,dickc001,jonea003,markn001,longe001,,zobrb001
372,BAL201305170,TBA,BAL,3,TBA,2,0,0,X,2,3,lonej001,L,hammj002,R,wietm001,davic003,navay001,machm001,hardj003,dickc001,jonea003,markn001,longe001,,
373,BAL201305170,TBA,BAL,3,TBA,2,3,1,BBFBB,2,3,scotl001,L,hammj002,R,wietm001,davic003,navay001,machm001,hardj003,dickc001,jonea003,markn001,scotl001,longe001,
374,BAL201305170,TBA,BAL,3,TBA,2,3,2,CFFBBB>X,5,3,johnk003,L,hammj002,R,wietm001,davic003,navay001,machm001,hardj003,dickc001,jonea003,markn001,,,
375,BAL201305170,TBA,BAL,3,TBA,2,3,2,BBFBCX,5,3,lobaj001,B,hammj002,R,wietm001,davic003,navay001,machm001,hardj003,dickc001,jonea003,markn001,,lobaj001,
376,BAL201305170,TBA,BAL,3,TBA,3,0,0,X,5,3,escoy001,R,hammj002,R,wietm001,davic003,navay001,machm001,hardj003,dickc001,jonea003,markn001,,lobaj001,
377,BAL201305170,TBA,BAL,3,BAL,1,2,2,BBCFS,5,3,machm001,R,hellj001,R,lobaj001,lonej001,zobrb001,longe001,escoy001,johnk003,jennd002,joycm001,,,
378,BAL201305170,TBA,BAL,3,BAL,2,1,2,CFBX,5,3,markn001,L,hellj001,R,lobaj001,lonej001,zobrb001,longe001,escoy001,johnk003,jennd002,joycm001,,,
379,BAL201305170,TBA,BAL,3,BAL,3,1,2,BFSS,5,3,jonea003,R,hellj001,R,lobaj001,lonej001,zobrb001,longe001,escoy001,johnk003,jennd002,joycm001,,,
380,BAL201305170,TBA,BAL,4,TBA,1,2,2,BFFBS,5,3,jennd002,R,hammj002,R,wietm001,davic003,navay001,machm001,hardj003,dickc001,jonea003,markn001,,,
381,BAL201305170,TBA,BAL,4,TBA,2,2,2,BCBSX,5,3,joycm001,L,hammj002,R,wietm001,davic003,navay001,machm001,hardj003,dickc001,jonea003,markn001,,,
382,BAL201305170,TBA,BAL,4,TBA,3,1,1,BFX,5,3,zobrb001,B,hammj002,R,wietm001,davic003,navay001,machm001,hardj003,dickc001,jonea003,markn001,,,
383,BAL201305170,TBA,BAL,4,BAL,1,3,2,BSBBSX,5,3,davic003,L,hellj001,R,lobaj001,lonej001,zobrb001,longe001,escoy001,johnk003,jennd002,joycm001,,,
384,BAL201305170,TBA,BAL,4,BAL,2,0,0,X,5,3,wietm001,B,hellj001,R,lobaj001,lonej001,zobrb001,longe001,escoy001,johnk003,jennd002,joycm001,,,
385,BAL201305170,TBA,BAL,4,BAL,2,3,2,CBBFFBB,5,3,hardj003,R,hellj001,R,lobaj001,lonej001,zobrb001,longe001,escoy001,johnk003,jennd002,joycm001,hardj003,,
386,BAL201305170,TBA,BAL,4,BAL,3,2,1,*BBCX,5,3,dickc001,L,hellj001,R,lobaj001,lonej001,zobrb001,longe001,escoy001,johnk003,jennd002,joycm001,hardj003,,
387,BAL201305170,TBA,BAL,5,TBA,1,1,2,CFBS,5,3,longe001,R,hammj002,R,wietm001,davic003,navay001,machm001,hardj003,dickc001,jonea003,markn001,,,
388,BAL201305170,TBA,BAL,5,TBA,1,1,1,CBX,5,3,lonej001,L,hammj002,R,wietm001,davic003,navay001,machm001,hardj003,dickc001,jonea003,markn001,lonej001,,
389,BAL201305170,TBA,BAL,5,TBA,1,3,0,BBBB,5,3,scotl001,L,hammj002,R,wietm001,davic003,navay001,machm001,hardj003,dickc001,jonea003,markn001,scotl001,lonej001,
390,BAL201305170,TBA,BAL,5,TBA,2,0,1,CX,6,3,johnk003,L,hammj002,R,wietm001,davic003,navay001,machm001,hardj003,dickc001,jonea003,markn001,,,scotl001
391,BAL201305170,TBA,BAL,5,TBA,2,3,0,.BBBB,6,3,lobaj001,B,burna002,R,wietm001,davic003,navay001,machm001,hardj003,dickc001,jonea003,markn001,lobaj001,,scotl001
392,BAL201305170,TBA,BAL,5,TBA,2,3,2,BFCFBB>X,7,3,escoy001,R,burna002,R,wietm001,davic003,navay001,machm001,hardj003,dickc001,jonea003,markn001,,escoy001,lobaj001
393,BAL201305170,TBA,BAL,5,TBA,2,2,2,CBF*BX,9,3,jennd002,R,burna002,R,wietm001,davic003,navay001,machm001,hardj003,dickc001,jonea003,markn001,,jennd002,
394,BAL201305170,TBA,BAL,5,TBA,2,1,0,*BB,9,3,joycm001,L,burna002,R,wietm001,davic003,navay001,machm001,hardj003,dickc001,jonea003,markn001,,,jennd002
395,BAL201305170,TBA,BAL,5,TBA,2,3,0,*BB.BB,9,3,joycm001,L,burna002,R,wietm001,davic003,navay001,machm001,hardj003,dickc001,jonea003,markn001,joycm001,,jennd002
396,BAL201305170,TBA,BAL,5,TBA,3,3,2,BCCBB>S,9,3,zobrb001,B,burna002,R,wietm001,davic003,navay001,machm001,hardj003,dickc001,jonea003,markn001,joycm001,,jennd002
397,BAL201305170,TBA,BAL,5,BAL,0,1,1,CBX,9,3,navay001,R,hellj001,R,lobaj001,lonej001,zobrb001,longe001,escoy001,johnk003,jennd002,joycm001,,,navay001
398,BAL201305170,TBA,BAL,5,BAL,1,0,2,CCS,9,3,mclon001,L,hellj001,R,lobaj001,lonej001,zobrb001,longe001,escoy001,johnk003,jennd002,joycm001,,,navay001
399,BAL201305170,TBA,BAL,5,BAL,2,0,0,X,9,4,machm001,R,hellj001,R,lobaj001,lonej001,zobrb001,longe001,escoy001,johnk003,jennd002,joycm001,,,
400,BAL201305170,TBA,BAL,5,BAL,3,0,0,X,9,4,markn001,L,hellj001,R,lobaj001,lonej001,zobrb001,longe001,escoy001,johnk003,jennd002,joycm001,,,
401,BAL201305170,TBA,BAL,6,TBA,0,1,0,BX,9,4,longe001,R,burna002,R,wietm001,davic003,navay001,machm001,hardj003,dickc001,jonea003,markn001,,longe001,
402,BAL201305170,TBA,BAL,6,TBA,0,0,2,.SFX,9,4,lonej001,L,pattt001,L,wietm001,davic003,navay001,machm001,hardj003,dickc001,jonea003,markn001,lonej001,,longe001
403,BAL201305170,TBA,BAL,6,TBA,1,1,2,CBSX,10,4,scotl001,L,pattt001,L,wietm001,davic003,navay001,machm001,hardj003,dickc001,jonea003,markn001,lonej001,,
404,BAL201305170,TBA,BAL,6,TBA,1,3,1,BBF*BX,10,4,johnk003,L,pattt001,L,wietm001,davic003,navay001,machm001,hardj003,dickc001,jonea003,markn001,,johnk003,lonej001
405,BAL201305170,TBA,BAL,6,TBA,2,2,2,BSCFBS,10,4,lobaj001,B,pattt001,L,wietm001,davic003,navay001,machm001,hardj003,dickc001,jonea003,markn001,,johnk003,lonej001
406,BAL201305170,TBA,BAL,6,TBA,2,0,0,X,12,4,escoy001,R,pattt001,L,wietm001,davic003,navay001,machm001,hardj003,dickc001,jonea003,markn001,escoy001,,
407,BAL201305170,TBA,BAL,6,TBA,2,1,2,SCFBX,12,4,jennd002,R,pattt001,L,wietm001,davic003,navay001,machm001,hardj003,dickc001,jonea003,markn001,jennd002,escoy001,
408,BAL201305170,TBA,BAL,6,TBA,3,1,2,BCCX,12,4,joycm001,L,pattt001,L,wietm001,davic003,navay001,machm001,hardj003,dickc001,jonea003,markn001,jennd002,escoy001,
409,BAL201305170,TBA,BAL,6,BAL,0,0,2,CFX,12,4,jonea003,R,hellj001,R,lobaj001,lonej001,zobrb001,longe001,escoy001,johnk003,jennd002,joycm001,jonea003,,
410,BAL201305170,TBA,BAL,6,BAL,1,1,1,CBX,12,4,davic003,L,hellj001,R,lobaj001,lonej001,zobrb001,longe001,escoy001,johnk003,jennd002,joycm001,jonea003,,
411,BAL201305170,TBA,BAL,6,BAL,3,3,2,BCFBBFFX,12,4,wietm001,B,hellj001,R,lobaj001,lonej001,zobrb001,longe001,escoy001,johnk003,jennd002,joycm001,,,
412,BAL201305170,TBA,BAL,7,TBA,1,2,2,BCSBFX,12,4,zobrb001,B,pattt001,L,wietm001,davic003,navay001,machm001,hardj003,dickc001,jonea003,markn001,,,
413,BAL201305170,TBA,BAL,7,TBA,1,3,0,BBBB,12,4,longe001,R,pattt001,L,wietm001,davic003,navay001,machm001,hardj003,dickc001,jonea003,markn001,longe001,,
414,BAL201305170,TBA,BAL,7,TBA,2,0,1,CX,12,4,lonej001,L,pattt001,L,wietm001,davic003,navay001,machm001,hardj003,dickc001,jonea003,markn001,longe001,,
415,BAL201305170,TBA,BAL,7,BAL,1,2,1,BTBX,12,4,hardj003,R,hellj001,R,lobaj001,lonej001,zobrb001,longe001,escoy001,johnk003,jennd002,joycm001,,,
416,BAL201305170,TBA,BAL,7,BAL,2,0,0,X,12,4,dickc001,L,hellj001,R,lobaj001,lonej001,zobrb001,longe001,escoy001,johnk003,jennd002,joycm001,,,
417,BAL201305170,TBA,BAL,7,BAL,3,1,0,BX,12,4,navay001,R,hellj001,R,lobaj001,lonej001,zobrb001,longe001,escoy001,johnk003,jennd002,joycm001,,,
418,BAL201305170,TBA,BAL,8,TBA,1,3,2,.BBBCSFC,12,4,scotl001,L,matub001,L,wietm001,davic003,navay001,machm001,hardj003,dickc001,jonea003,markn001,,,
419,BAL201305170,TBA,BAL,8,TBA,2,2,0,BBX,12,4,johnk003,L,matub001,L,wietm001,davic003,navay001,machm001,hardj003,dickc001,jonea003,markn001,,,
420,BAL201305170,TBA,BAL,8,TBA,3,3,2,BBCBFX,12,4,lobaj001,B,matub001,L,wietm001,davic003,navay001,machm001,hardj003,dickc001,jonea003,markn001,,,
421,BAL201305170,TBA,BAL,8,BAL,0,0,0,X,12,4,mclon001,L,hellj001,R,lobaj001,lonej001,zobrb001,longe001,escoy001,johnk003,jennd002,joycm001,,,mclon001
422,BAL201305170,TBA,BAL,8,BAL,1,1,1,TBX,12,5,machm001,R,hellj001,R,lobaj001,lonej001,zobrb001,longe001,escoy001,johnk003,jennd002,joycm001,,,
423,BAL201305170,TBA,BAL,8,BAL,1,0,2,FFX,12,5,markn001,L,hellj001,R,lobaj001,lonej001,zobrb001,longe001,escoy001,johnk003,jennd002,joycm001,markn001,,
424,BAL201305170,TBA,BAL,8,BAL,2,1,0,BX,12,5,jonea003,R,hellj001,R,lobaj001,lonej001,zobrb001,longe001,escoy001,johnk003,jennd002,joycm001,markn001,,
425,BAL201305170,TBA,BAL,8,BAL,2,1,0,BX,12,5,davic003,L,hellj001,R,lobaj001,lonej001,zobrb001,longe001,escoy001,johnk003,jennd002,joycm001,,davic003,markn001
426,BAL201305170,TBA,BAL,8,BAL,2,0,0,X,12,7,wietm001,B,hellj001,R,lobaj001,lonej001,zobrb001,longe001,escoy001,johnk003,jennd002,joycm001,wietm001,,
427,BAL201305170,TBA,BAL,8,BAL,2,0,1,.CX,12,7,hardj003,R,farnk001,R,lobaj001,lonej001,zobrb001,longe001,escoy001,johnk003,jennd002,joycm001,hardj003,wietm001,
428,BAL201305170,TBA,BAL,8,BAL,2,1,1,BCX,12,10,dickc001,L,farnk001,R,lobaj001,lonej001,zobrb001,longe001,escoy001,johnk003,jennd002,joycm001,,,
429,BAL201305170,TBA,BAL,8,BAL,2,3,2,CBCFFBBX,12,10,navay001,R,farnk001,R,lobaj001,lonej001,zobrb001,longe001,escoy001,johnk003,jennd002,joycm001,navay001,,
430,BAL201305170,TBA,BAL,8,BAL,3,2,0,.BBX,12,10,mclon001,L,peraj002,R,lobaj001,lonej001,zobrb001,longe001,escoy001,johnk003,jennd002,joycm001,navay001,,
431,BAL201305170,TBA,BAL,9,TBA,1,0,0,.X,12,10,escoy001,R,strop001,R,wietm001,davic003,navay001,machm001,hardj003,dickc001,jonea003,markn001,,,
432,BAL201305170,TBA,BAL,9,TBA,2,2,2,BBFFX,12,10,jennd002,R,strop001,R,wietm001,davic003,navay001,machm001,hardj003,dickc001,jonea003,markn001,,,
433,BAL201305170,TBA,BAL,9,TBA,3,2,1,BBSX,12,10,joycm001,L,strop001,R,wietm001,davic003,navay001,machm001,hardj003,dickc001,jonea003,markn001,,,
434,BAL201305170,TBA,BAL,9,BAL,1,0,1,.FX,12,10,machm001,R,peraj002,R,lobaj001,lonej001,zobrb001,longe001,escoy001,fulds001,jennd002,joycm001,,,
435,BAL201305170,TBA,BAL,9,BAL,2,0,2,CSFX,12,10,markn001,L,peraj002,R,lobaj001,lonej001,zobrb001,longe001,escoy001,fulds001,jennd002,joycm001,,,
436,BAL201305170,TBA,BAL,9,BAL,3,3,2,BLBTFBX,12,10,jonea003,R,peraj002,R,lobaj001,lonej001,zobrb001,longe001,escoy001,fulds001,jennd002,joycm001,,,